"","OBJECTID","GEOID2","GEOID","GEOLABEL","HISL01_E","HISL02_E","HISL04_E","HISL05_E","HISL06_E","HISL07_E","HISL08_E","HISL09_E","HISL10_E","SXAG17_E","SXAG04_E","SXAG05_E","SXAG06_E","SXAG07_E","SXAG08_E","SXAG09_E","SXAG10_E","SXAG11_E","SXAG12_E","SXAG13_E","SXAG14_E","SXAG15_E","SXAG16_E","INC01_E","INC02_E","INC03_E","INC04_E","INC05_E","INC06_E","INC07_E","INC08_E","INC09_E","INC10_E","INC11_E","INC12_E","INC13_E","bcode","postalcity","borough","ems_boroughs","inc_ineq","zip_pop","pct_b","pct_nw","pct_lat","pct_pov","zip_code"
"1",5,10005,"8600000US10005","ZCTA5 10005",8680,527,6200,266,0,1404,0,57,226,30.2,401,268,126,244,1238,3313,1986,640,242,43,137,42,0,4239,290,66,73,60,87,323,212,967,570,1591,154213,201734,36061,"New York","Manhattan","MANHATTAN",0.741,8680,0.0306451612903226,0.285714285714286,0.0607142857142857,0.101203113941967,10005
"2",6,10006,"8600000US10006","ZCTA5 10006",3579,439,2303,60,0,662,0,0,115,30.7,398,117,37,0,370,1533,640,232,166,86,0,0,0,1815,72,72,11,0,19,209,130,430,190,682,145893,196771,36061,"New York","Manhattan","MANHATTAN",0.729,3579,0.0167644593461861,0.356524168762224,0.122659960882928,0.0853994490358127,10006
"3",7,10007,"8600000US10007","ZCTA5 10007",7036,626,4753,313,0,955,0,0,389,35.4,453,517,234,247,249,1729,1388,1134,281,390,294,99,21,2761,64,52,0,63,87,67,193,344,296,1595,242644,376573,36061,"New York","Manhattan","MANHATTAN",0.805,7036,0.0444855031267766,0.324474133030131,0.0889710062535532,0.042013763129301,10007
"4",8,10009,"8600000US10009","ZCTA5 10009",60141,15539,29968,4814,45,8000,36,393,1346,36.8,1533,1518,2060,2265,5835,15571,7929,7479,3741,3283,5295,2346,1286,29725,3879,2348,2771,1697,2546,3313,2903,5033,1839,3396,60521,90253,36061,"New York","Manhattan","MANHATTAN",0.529,60141,0.0800452270497664,0.501704328162152,0.258376149382285,0.302708158116064,10009
"5",1,10001,"8600000US10001","ZCTA5 10001",23947,3452,12349,2489,59,5213,5,51,329,35.3,622,893,832,1237,2524,5682,3505,2916,1348,1437,1638,1073,240,12347,1122,555,1035,403,1014,1425,1230,1938,864,2761,85221,161227,36061,"New York","Manhattan","MANHATTAN",0.634,23947,0.103937862780307,0.484319538981918,0.144151668267424,0.219648497610756,10001
"6",2,10002,"8600000US10002","ZCTA5 10002",77925,21350,16208,4762,377,33443,5,232,1548,41.8,2827,2907,3007,3209,5037,14605,10138,10600,4582,5276,7749,5193,2795,33461,5025,4218,4371,3013,3384,4187,2639,3078,1399,2147,35449,65718,36061,"New York","Manhattan","MANHATTAN",0.405,77925,0.0611100417067693,0.792005133140841,0.273981392364453,0.406861719613879,10002
"7",3,10003,"8600000US10003","ZCTA5 10003",55035,4358,40150,2058,90,7220,53,130,976,32.6,1846,797,593,7423,5037,14389,8134,4809,2405,3223,3600,1827,952,26699,1433,644,1526,1431,2268,3153,2316,3852,2917,7159,104441,182531,36061,"New York","Manhattan","MANHATTAN",0.667,55035,0.0373943853911147,0.270464250022713,0.0791859725629145,0.134948874489681,10003
"8",4,10004,"8600000US10004","ZCTA5 10004",2990,222,1882,5,0,790,10,31,50,35.6,100,83,111,135,152,866,607,403,183,152,164,34,0,1587,47,0,41,20,121,82,129,403,220,524,140450,191760,36061,"New York","Manhattan","MANHATTAN",0.71,2990,0.00167224080267559,0.37056856187291,0.074247491638796,0.0554505356017643,10004
"9",9,10010,"8600000US10010","ZCTA5 10010",33119,4223,21184,1778,186,4825,0,137,786,34.6,1530,947,726,1422,3134,9148,4719,3890,1960,1122,2726,1165,630,15972,833,609,717,698,754,1563,1673,3133,1177,4815,115084,177950,36061,"New York","Manhattan","MANHATTAN",0.684,33119,0.0536851958090522,0.360367160844228,0.127509888583592,0.135174054595542,10010
"10",10,10011,"8600000US10011","ZCTA5 10011",50711,5640,35997,2201,8,5269,4,417,1175,39.8,1685,1445,1020,1211,2917,12732,8554,6203,3447,3390,4611,2355,1141,28753,1892,822,1315,1412,1709,2835,1995,4765,3502,8506,123208,197050,36061,"New York","Manhattan","MANHATTAN",0.694,50711,0.0434028120131727,0.290154009978111,0.111218473309538,0.140124508746913,10011
"11",11,10012,"8600000US10012","ZCTA5 10012",24527,1609,16992,703,22,4188,21,53,939,34.5,848,436,445,620,2861,7349,3767,2712,923,1274,2006,871,415,12349,921,286,648,555,886,1496,1045,2071,1635,2806,104561,160244,36061,"New York","Manhattan","MANHATTAN",0.651,24527,0.0286622905369593,0.307212459738248,0.0656011742161699,0.150214592274678,10012
"12",12,10013,"8600000US10013","ZCTA5 10013",29619,1804,14966,1148,41,10291,0,105,1264,37.8,1912,1520,987,921,1847,5910,5259,3299,1340,1927,2531,1219,947,12207,637,623,1150,791,654,986,938,1455,898,4075,106056,252811,36061,"New York","Manhattan","MANHATTAN",0.707,29619,0.0387589047570816,0.494716229447314,0.0609068503325568,0.197427705414926,10013
"13",13,10014,"8600000US10014","ZCTA5 10014",31794,1989,26813,410,15,1762,0,171,634,36.8,1319,759,650,485,1169,10072,5137,4035,2018,1767,2706,1044,633,18481,625,480,815,1018,984,1828,2031,2578,2172,5950,127973,204690,36061,"New York","Manhattan","MANHATTAN",0.698,31794,0.0128955148770208,0.156664779518148,0.0625589733912059,0.103890482116769,10014
"14",14,10016,"8600000US10016","ZCTA5 10016",51448,4827,32397,1585,36,10413,0,493,1697,33.3,1934,869,1035,1341,5322,17104,5831,5266,3087,2094,4123,2205,1237,28681,1765,1080,1191,1358,1955,3480,2307,5345,3551,6649,109250,151829,36061,"New York","Manhattan","MANHATTAN",0.651,51448,0.0308078059399782,0.370296221427461,0.0938228891307728,0.140720337505666,10016
"15",15,10017,"8600000US10017","ZCTA5 10017",16388,1148,11397,336,0,3241,5,24,237,39.9,576,288,155,286,1042,4242,2619,1925,1019,870,2116,875,375,10076,470,126,475,380,624,1409,1007,1725,1326,2534,118469,169169,36061,"New York","Manhattan","MANHATTAN",0.66,16388,0.0205028069319014,0.304552111300952,0.0700512570173298,0.106292179436284,10017
"16",16,10018,"8600000US10018","ZCTA5 10018",9719,1611,4439,518,0,2847,0,24,280,32,496,66,158,131,936,3960,1884,951,415,298,293,119,12,4993,326,219,277,244,265,445,445,951,573,1248,107861,152396,36061,"New York","Manhattan","MANHATTAN",0.666,9719,0.0532976643687622,0.543265768083136,0.16575779401173,0.164630482675746,10018
"17",17,10019,"8600000US10019","ZCTA5 10019",41592,6697,24189,2235,79,6813,38,445,1096,39.6,1118,757,570,495,2650,12111,6755,5366,2789,2352,4110,1881,638,24512,1779,911,1699,1451,1413,2532,2561,3942,2658,5566,99063,155567,36061,"New York","Manhattan","MANHATTAN",0.645,41592,0.053736295441431,0.418421811886901,0.161016541642624,0.179055156657963,10019
"18",19,10021,"8600000US10021","ZCTA5 10021",44983,3512,34829,433,216,4756,112,53,1072,40.2,2964,2185,1343,696,1057,9680,7058,4543,2841,2286,5334,3536,1460,24912,1513,495,970,929,1518,2737,2437,3399,2257,8657,123842,225235,36061,"New York","Manhattan","MANHATTAN",0.712,44983,0.00962585865771514,0.225729720116488,0.0780739390436387,0.119540783558125,10021
"19",20,10022,"8600000US10022","ZCTA5 10022",30807,1922,24318,389,58,3431,0,93,596,47.7,1154,692,448,637,1123,6409,4104,3557,1757,2096,4462,3136,1232,17873,714,296,878,379,966,2095,1341,2851,2035,6318,133208,246355,36061,"New York","Manhattan","MANHATTAN",0.717,30807,0.0126270003570617,0.210633946830266,0.0623884182166391,0.105634196833212,10022
"20",21,10023,"8600000US10023","ZCTA5 10023",61514,6730,44309,2060,55,6673,0,520,1167,42.6,3477,2353,1944,1605,2394,10939,10192,8182,4047,3556,7358,3333,2134,33133,1787,979,1793,1342,1363,3263,3115,5213,4041,10237,123951,209783,36061,"New York","Manhattan","MANHATTAN",0.699,61514,0.0334883116038625,0.279692427740027,0.10940598888058,0.137596957715872,10023
"21",22,10024,"8600000US10024","ZCTA5 10024",58512,6260,44643,2193,0,4050,0,146,1220,43.1,3450,2181,2315,1869,1508,10659,8919,8747,4009,3690,6518,2867,1780,28418,1278,917,1512,1162,1462,2937,2401,4168,2825,9756,126107,229685,36061,"New York","Manhattan","MANHATTAN",0.711,58512,0.0374794913863823,0.237028301886792,0.106986601039103,0.130445492293617,10024
"22",23,10025,"8600000US10025","ZCTA5 10025",94382,22719,51020,8525,49,9232,23,618,2196,41.7,4339,3488,4030,3910,6212,16950,12433,12406,5558,6897,10831,4531,2797,42546,4228,2600,3090,2677,2733,4906,3874,5478,3815,9145,82352,147611,36061,"New York","Manhattan","MANHATTAN",0.635,94382,0.0903244262677205,0.459430823674006,0.240713271598398,0.233112395994923,10025
"23",24,10026,"8600000US10026","ZCTA5 10026",40105,8694,8184,19938,38,2254,0,78,919,34.4,2791,2059,1853,1480,3233,9132,5426,6149,2303,1831,2242,1040,566,15401,2030,1415,1058,1165,1528,2074,1406,1874,1220,1631,54349,95709,36061,"New York","Manhattan","MANHATTAN",0.516,40105,0.497144994389727,0.795935668869218,0.216780950006234,0.292383611453802,10026
"24",25,10027,"8600000US10027","ZCTA5 10027",65365,15761,17126,24513,108,6131,5,183,1538,30.7,3291,3324,3157,5447,8615,13363,8107,7374,3360,2828,3664,2131,704,23607,3953,1784,2155,1789,2756,3154,1918,2905,1330,1863,45536,77728,36061,"New York","Manhattan","MANHATTAN",0.463,65365,0.375017211045667,0.737994339478314,0.241122925112828,0.334307620621002,10027
"25",26,10028,"8600000US10028","ZCTA5 10028",50091,3295,40971,489,36,4426,0,0,874,38.8,2137,2056,1659,1150,1478,13714,6890,6253,2790,2779,5043,2824,1318,26435,980,795,983,850,1489,2793,2966,5147,2636,7796,119203,214695,36061,"New York","Manhattan","MANHATTAN",0.681,50091,0.00976223273641972,0.182068635084147,0.0657802798905991,0.104331378853792,10028
"26",27,10029,"8600000US10029","ZCTA5 10029",80866,38610,12508,20483,17,7600,100,645,903,34,3862,4113,5229,5555,6928,15965,10422,9163,4625,4472,5267,3686,1579,31496,5135,3881,4058,2953,3968,4093,2879,2122,818,1589,34015,65837,36061,"New York","Manhattan","MANHATTAN",0.339,80866,0.253295575396335,0.845324363762273,0.477456533029951,0.41510033020066,10029
"27",28,10030,"8600000US10030","ZCTA5 10030",30163,7679,3068,17860,30,466,65,165,830,34.7,2142,1374,1299,1605,2591,6297,4496,4520,1325,1440,1705,739,630,12258,1615,1420,1861,1119,1255,1816,897,1225,403,647,36118,65589,36061,"New York","Manhattan","MANHATTAN",0.364,30163,0.592116168816099,0.898285979511322,0.254583430030169,0.399412628487518,10030
"28",29,10031,"8600000US10031","ZCTA5 10031",62382,31640,10711,15176,87,2359,8,142,2259,34.8,3042,2573,2369,3117,6497,13900,8307,8996,3328,3301,3817,2198,937,22274,2695,1560,2167,2837,2637,3906,2261,2289,988,934,44040,64971,36061,"New York","Manhattan","MANHATTAN",0.35,62382,0.243275303773524,0.82829983007919,0.507197589048123,0.288318218550777,10031
"29",30,10032,"8600000US10032","ZCTA5 10032",63185,42004,8631,8832,30,2651,88,216,733,34.6,2997,2609,2433,2690,5846,15514,7928,7449,4217,3445,3989,2698,1370,20724,2647,1753,2356,2387,2109,3588,2093,2460,845,486,41890,60656,36061,"New York","Manhattan","MANHATTAN",0.311,63185,0.139780011078579,0.863401123684419,0.66477803276094,0.325998841922409,10032
"30",31,10033,"8600000US10033","ZCTA5 10033",60810,41852,14228,2731,21,1062,0,172,744,36,3611,2779,2785,3034,4881,12331,8600,7401,3697,3175,4844,2640,1032,19586,1695,1839,2083,1822,1907,3292,2014,2838,1106,990,53044,70967,36061,"New York","Manhattan","MANHATTAN",0.399,60810,0.0449103765827989,0.766025324782108,0.688242065449762,0.286786480138875,10033
"31",32,10034,"8600000US10034","ZCTA5 10034",44186,32005,7991,2425,6,982,12,154,611,36.4,2707,2334,2415,2376,2996,7920,6837,5779,2143,2952,3461,1524,742,16135,1668,1206,1826,1466,1752,2458,2430,2035,704,590,50909,65924,36061,"New York","Manhattan","MANHATTAN",0.356,44186,0.0548816367175123,0.819150862264066,0.724324446657312,0.291292221877905,10034
"32",33,10035,"8600000US10035","ZCTA5 10035",35366,16706,3645,12486,35,1646,37,116,695,36.5,2036,1760,1662,1938,2799,6489,5240,5090,2302,1620,2520,1157,753,14172,2826,1883,1979,1338,1384,2080,912,937,444,389,27932,49300,36061,"New York","Manhattan","MANHATTAN",0.28,35366,0.353050952892609,0.896934909234858,0.472374597070633,0.471916454981654,10035
"33",34,10036,"8600000US10036","ZCTA5 10036",26868,5271,14393,1851,40,4941,0,25,347,37.1,865,350,132,537,2676,7928,4527,3784,1682,1530,1871,801,185,15624,1260,773,1146,1170,1296,1183,1379,2558,1765,3094,93707,126679,36061,"New York","Manhattan","MANHATTAN",0.628,26868,0.0688923626619026,0.464306982283758,0.196181330951318,0.203469022017409,10036
"34",35,10037,"8600000US10037","ZCTA5 10037",21184,4977,1188,13963,0,520,0,9,527,34.4,1782,1290,1269,1023,1209,4211,2712,2559,1178,1062,1309,887,693,9735,1228,1114,1333,866,1139,1612,918,940,375,210,39979,57342,36061,"New York","Manhattan","MANHATTAN",0.287,21184,0.659129531722054,0.943919939577039,0.234941465256798,0.377503852080123,10037
"35",36,10038,"8600000US10038","ZCTA5 10038",22457,2608,10020,1724,76,7460,0,74,495,35.6,855,731,602,1601,1642,5513,3112,2259,1264,1278,1602,1323,675,10133,975,815,1036,606,522,788,802,1452,1192,1945,85032,132658,36061,"New York","Manhattan","MANHATTAN",0.632,22457,0.0767689361891615,0.553813955559514,0.116133054281516,0.278890752985296,10038
"36",37,10039,"8600000US10039","ZCTA5 10039",27203,8322,1693,15799,142,504,10,12,721,32.8,2300,1524,1962,1633,2201,4915,3396,3420,1754,1274,1442,968,414,11153,1486,1315,1371,1524,1474,1714,969,906,155,239,34197,53689,36061,"New York","Manhattan","MANHATTAN",0.223,27203,0.580781531448737,0.937764217181928,0.305922140940337,0.374069757016049,10039
"37",38,10040,"8600000US10040","ZCTA5 10040",46003,32013,9601,2474,0,1120,0,124,671,36.6,2364,2093,2170,2389,3814,9274,6137,6107,2347,2446,3398,1816,1648,16222,1707,888,1939,1507,2522,2843,2102,1667,603,444,47189,62568,36061,"New York","Manhattan","MANHATTAN",0.305,46003,0.0537791013629546,0.791296219811751,0.695889398517488,0.279496979410677,10040
"38",39,10044,"8600000US10044","ZCTA5 10044",11945,1619,4734,1485,0,3645,0,23,439,41.5,586,326,338,259,815,2391,1754,1765,677,773,1262,636,363,4820,331,215,178,332,204,658,640,896,444,922,92623,127178,36061,"New York","Manhattan","MANHATTAN",0.609,11945,0.124319799079113,0.603683549602344,0.135537881958979,0.150207468879668,10044
"39",40,10065,"8600000US10065","ZCTA5 10065",29565,1843,24551,651,27,2178,0,17,298,40.3,1757,1126,943,392,1475,6261,4634,3850,1533,1390,2753,2268,1183,15878,651,374,713,609,924,1868,1282,2370,1573,5514,124322,229752,36061,"New York","Manhattan","MANHATTAN",0.711,29565,0.0220192795535261,0.169592423473702,0.0623372230678167,0.109459629676282,10065
"40",41,10069,"8600000US10069","ZCTA5 10069",5195,51,3627,157,0,1149,0,0,211,35.4,412,408,222,93,208,1211,1029,814,391,207,160,40,0,2574,150,113,89,93,181,118,327,354,326,823,137105,225828,36061,"New York","Manhattan","MANHATTAN",0.707,5195,0.0302213666987488,0.301828681424447,0.00981713185755534,0.136752136752137,10069
"41",42,10075,"8600000US10075","ZCTA5 10075",22818,3202,17774,292,0,960,0,10,580,42.6,1280,1001,761,1027,927,3428,3626,2778,1232,1324,2928,1558,948,11373,270,244,774,589,455,1173,1438,1810,1072,3548,129594,221630,36061,"New York","Manhattan","MANHATTAN",0.686,22818,0.0127969147164519,0.221053554211587,0.140327811376983,0.113250681438495,10075
"42",49,10128,"8600000US10128","ZCTA5 10128",62743,7867,44357,2188,0,6097,0,197,2037,38.7,3692,2593,2152,1643,2793,14936,8814,8353,3035,3724,5896,3640,1472,31644,1509,593,1559,1221,2168,3951,3542,5015,3211,8875,111937,189877,36061,"New York","Manhattan","MANHATTAN",0.671,62743,0.0348724160464116,0.293036673413767,0.125384505044387,0.115693338389584,10128
"43",53,10162,"8600000US10162","ZCTA5 10162",1324,0,1308,0,0,6,0,0,10,43.6,254,5,89,21,0,96,259,159,100,37,165,139,0,655,0,0,0,0,0,48,177,102,41,287,182530,232459,36061,"New York","Manhattan","MANHATTAN",0.73,1324,0,0.0120845921450151,0,0,10162
"44",68,10280,"8600000US10280","ZCTA5 10280",9820,856,6657,151,0,1835,0,59,262,38.2,866,607,389,160,281,1924,2318,1467,519,446,618,210,15,4747,137,58,26,91,260,385,431,738,833,1788,161419,220261,36061,"New York","Manhattan","MANHATTAN",0.735,9820,0.0153767820773931,0.322097759674134,0.0871690427698574,0.0465557194017274,10280
"45",69,10282,"8600000US10282","ZCTA5 10282",5644,315,4043,58,0,950,0,13,265,35.3,947,400,224,106,29,1077,1639,717,75,131,121,49,129,2412,152,27,71,24,29,103,104,312,104,1486,250000,295980,36061,"New York","Manhattan","MANHATTAN",0.822,5644,0.0102763997165131,0.283664068036853,0.0558114812189936,0.103648424543947,10282
"46",70,10301,"8600000US10301","ZCTA5 10301",39451,9589,16424,9119,20,2312,0,126,1861,37.9,2674,2177,2648,2853,3112,4765,5229,5327,2704,2444,3124,1689,705,14520,1916,793,1299,1092,1496,1978,1722,2003,1150,1071,55818,80710,36085,"Staten Island","SI","RICHMOND / STATEN ISLAND",0.47,39451,0.231147499429672,0.58368609160731,0.243061012395123,0.27603305785124,10301
"47",71,10302,"8600000US10302","ZCTA5 10302",18539,7506,6164,3116,9,1096,2,277,369,33.6,981,1287,1189,1405,1315,3307,2288,2651,1223,964,1109,617,203,6266,885,184,454,567,632,976,740,991,468,369,60968,75367,36085,"Staten Island","SI","RICHMOND / STATEN ISLAND",0.447,18539,0.16807810561519,0.667511732024381,0.404876206915152,0.243057772103415,10302
"48",72,10303,"8600000US10303","ZCTA5 10303",25804,9673,4953,8641,22,1889,0,97,529,31.9,1853,1979,2102,2171,1907,3779,3409,3418,1644,1234,1496,613,199,8269,1825,355,518,342,586,1374,1103,1391,487,288,59898,70898,36085,"Staten Island","SI","RICHMOND / STATEN ISLAND",0.419,25804,0.334870562703457,0.808053015036428,0.374864362114401,0.326278872898779,10303
"49",73,10304,"8600000US10304","ZCTA5 10304",41884,10771,15418,10300,333,4019,14,197,832,38.3,2329,2942,2295,2854,3129,5732,4889,5863,2754,2957,3587,1851,702,14521,1948,653,1414,1156,1891,1867,1350,2066,901,1275,54567,89869,36085,"Staten Island","SI","RICHMOND / STATEN ISLAND",0.478,41884,0.24591729538726,0.6318880718174,0.257162639671474,0.276496109083396,10304
"50",74,10305,"8600000US10305","ZCTA5 10305",42311,7641,26593,2277,46,4974,0,179,601,39.5,2649,2687,2381,2082,2540,5965,6118,5950,2903,2918,3435,1855,828,14694,926,593,1230,1227,1351,1888,2300,2842,1311,1026,76044,88147,36085,"Staten Island","SI","RICHMOND / STATEN ISLAND",0.472,42311,0.0538157925834889,0.371487320082248,0.180591335586491,0.187083163195862,10305
"51",75,10306,"8600000US10306","ZCTA5 10306",54021,7874,40631,1438,22,3455,0,146,455,42.9,2626,3009,3122,3173,3186,7061,6352,7927,4408,3733,4945,3029,1450,19861,1188,906,1462,1510,1634,2709,2672,3862,2115,1803,80025,96994,36085,"Staten Island","SI","RICHMOND / STATEN ISLAND",0.511,54021,0.0266192776883064,0.247866570407804,0.145758131097166,0.179044358290116,10306
"52",76,10307,"8600000US10307","ZCTA5 10307",15528,1443,13501,53,14,465,0,0,52,37.8,856,1073,1434,1169,1018,1775,2395,2750,820,632,945,431,230,5156,109,264,365,256,587,710,726,737,541,861,81356,113591,36085,"Staten Island","SI","RICHMOND / STATEN ISLAND",0.575,15528,0.00341318907779495,0.130538382277177,0.0929289026275116,0.143134212567882,10307
"53",77,10308,"8600000US10308","ZCTA5 10308",30024,3306,24852,282,31,1402,0,0,151,43,1584,1528,1603,1674,1879,3786,3894,4798,2225,1801,3145,1478,629,10653,343,302,645,726,643,1571,1602,2496,1337,988,91953,104614,36085,"Staten Island","SI","RICHMOND / STATEN ISLAND",0.525,30024,0.00939248601119105,0.172262190247802,0.110111910471623,0.121092649957758,10308
"54",78,10309,"8600000US10309","ZCTA5 10309",33660,2683,29114,185,135,1277,0,91,175,40.4,1920,2204,2215,1707,2132,4363,4835,5101,2647,2165,2665,1287,419,11455,297,342,991,284,686,1560,1555,2908,1435,1397,100343,118300,36085,"Staten Island","SI","RICHMOND / STATEN ISLAND",0.559,33660,0.00549613784907903,0.135056446821153,0.079708853238265,0.142295940637276,10309
"55",79,10310,"8600000US10310","ZCTA5 10310",23708,7309,9695,4801,0,1533,0,9,361,36.5,1631,1659,1757,1662,1571,3094,3137,3354,1493,1508,1678,914,250,8218,984,264,653,585,849,1204,713,1482,891,593,69838,87497,36085,"Staten Island","SI","RICHMOND / STATEN ISLAND",0.495,23708,0.202505483381137,0.591066306731905,0.308292559473595,0.231321489413483,10310
"56",81,10312,"8600000US10312","ZCTA5 10312",61058,6011,50340,664,23,3405,32,18,565,42.1,3337,3497,4205,3396,3522,7276,7976,8533,4692,4146,6764,2778,936,21230,738,629,1121,1292,2234,3145,2351,4364,3152,2204,90797,108766,36085,"Staten Island","SI","RICHMOND / STATEN ISLAND",0.542,61058,0.0108749058272462,0.175538013036785,0.0984473779029775,0.117192651907678,10312
"57",82,10314,"8600000US10314","ZCTA5 10314",89960,12734,57831,3724,24,13978,88,90,1491,41.4,5057,4942,5227,5425,5901,12009,10560,13239,6147,5745,9096,4274,2338,31307,2040,1030,2231,1990,2746,4755,3794,6377,3311,3033,80956,98727,36085,"Staten Island","SI","RICHMOND / STATEN ISLAND",0.519,89960,0.041396176078257,0.357147621164962,0.141551800800356,0.169323154566071,10314
"58",83,10451,"8600000US10451","ZCTA5 10451",48240,27981,1290,17258,132,885,53,186,455,33.3,3673,3846,3123,3783,3782,7046,6086,6270,2518,2205,3072,2028,808,18783,3489,2594,2783,2164,2923,2063,1254,863,301,349,26979,46052,36005,"Bronx","Bronx","BROOKLYN",0.178,48240,0.357752902155887,0.973258706467662,0.580037313432836,0.472022573603791,10451
"59",84,10452,"8600000US10452","ZCTA5 10452",77983,54067,1111,20650,37,1035,35,504,544,31.1,5867,6275,6521,5978,6710,13128,10271,9848,4366,3104,3752,1562,601,25949,4121,3323,4657,3391,3492,3617,1755,1169,226,198,27206,38756,36005,"Bronx","Bronx","BROOKLYN",0.098,77983,0.264801302848057,0.985753305207545,0.693317774386725,0.466337816486184,10452
"60",85,10453,"8600000US10453","ZCTA5 10453",82232,56561,761,22623,109,1411,7,308,452,30.1,6702,6736,5690,6525,7552,13722,9938,10904,4601,3366,4471,1544,481,27338,5288,4184,4397,3073,3748,3337,1748,931,481,151,24421,36529,36005,"Bronx","Bronx","BROOKLYN",0.101,82232,0.275111878587411,0.990745695106528,0.687822258974608,0.507315824127588,10453
"61",86,10454,"8600000US10454","ZCTA5 10454",38654,26881,1051,10012,221,120,0,151,218,29.4,3164,3320,3472,3185,3722,5785,5259,4374,1781,1356,1688,1171,377,13085,3324,1819,2209,1441,1659,1073,752,545,169,94,21542,34310,36005,"Bronx","Bronx","BROOKLYN",0.108,38654,0.259015884513892,0.972810058467429,0.695426087856367,0.561864730607566,10454
"62",87,10455,"8600000US10455","ZCTA5 10455",42558,31043,475,10305,80,389,68,35,163,31.1,3753,3490,2981,2772,3535,7508,5402,5210,2215,1815,2285,1146,446,14202,2737,2183,2084,1863,1805,1739,961,535,169,126,25489,37891,36005,"Bronx","Bronx","BROOKLYN",0.109,42558,0.242140138164387,0.988838761219982,0.729428074627567,0.49316997605971,10455
"63",88,10456,"8600000US10456","ZCTA5 10456",94667,57047,1225,33433,703,1155,0,470,634,30.5,7787,7566,7765,7567,8224,14274,11622,11962,5411,4287,5158,2130,914,30096,5588,3589,5125,3795,3703,4428,1953,1465,216,234,26724,41156,36005,"Bronx","Bronx","BROOKLYN",0.107,94667,0.353164249421657,0.987059904718645,0.602607033073827,0.475212652844232,10456
"64",89,10457,"8600000US10457","ZCTA5 10457",75668,48066,1340,24110,117,913,18,285,819,29.4,7032,6224,5877,6471,6070,12072,9469,9218,4267,2484,3943,1902,639,24245,4208,3489,3752,2979,3293,3336,1690,1010,343,145,27036,39774,36005,"Bronx","Bronx","BROOKLYN",0.107,75668,0.318628746630015,0.982291060950468,0.63522228683195,0.472221076510621,10457
"65",90,10458,"8600000US10458","ZCTA5 10458",85157,58883,7743,14946,75,2177,31,339,963,28.9,7537,5997,6134,7868,9087,14651,10564,9530,3577,3740,4050,1713,709,27228,4306,2935,3800,3448,3749,4493,2170,1627,412,288,32129,44615,36005,"Bronx","Bronx","BROOKLYN",0.164,85157,0.175511114764494,0.909073828340594,0.691464001784938,0.405501689437344,10458
"66",91,10459,"8600000US10459","ZCTA5 10459",48895,33398,660,13934,131,329,0,196,247,30.9,3691,3964,3701,4097,4023,7822,6360,5974,2464,2104,2421,1760,514,16066,3582,1833,2446,1904,2209,1854,1119,765,236,118,25762,39033,36005,"Bronx","Bronx","BROOKLYN",0.133,48895,0.284978014111872,0.986501687289089,0.683055527150015,0.489294161583468,10459
"67",92,10460,"8600000US10460","ZCTA5 10460",60772,43277,1482,14718,0,773,23,256,243,31.6,4997,4430,4344,4326,4859,10367,6776,8593,3092,2561,4124,1720,583,20359,3717,2243,3965,2527,2457,2709,1254,998,293,196,25948,39791,36005,"Bronx","Bronx","BROOKLYN",0.132,60772,0.242183900480484,0.975613769499111,0.712120713486474,0.487499386020924,10460
"68",93,10461,"8600000US10461","ZCTA5 10461",51021,22873,17795,3877,54,5815,41,111,455,38.2,3141,2646,2882,2149,3325,8736,7076,7237,3073,2701,3812,2784,1459,19013,1266,1282,1913,1922,2075,3749,2279,2655,1205,667,55847,71591,36005,"Bronx","Bronx","BROOKLYN",0.368,51021,0.075988318535505,0.651222045824268,0.448305599655044,0.234628938094988,10461
"69",94,10462,"8600000US10462","ZCTA5 10462",79188,37842,9378,19290,178,10053,0,779,1668,35.8,5134,5098,4686,4357,5739,13503,11205,10629,5291,4186,5054,3312,994,29679,2450,2099,3073,2984,4244,5931,3549,3877,915,557,49962,61943,36005,"Bronx","Bronx","BROOKLYN",0.285,79188,0.243597514774966,0.881572965600849,0.477875435672072,0.256814582701573,10462
"70",95,10463,"8600000US10463","ZCTA5 10463",72863,36587,23370,8534,238,2408,62,548,1116,38.8,4973,4541,3702,3313,4582,11754,8931,9531,4113,4049,6923,4106,2345,28537,2114,1497,3281,2144,3222,4854,3656,4335,1636,1798,58881,82103,36005,"Bronx","Bronx","BROOKLYN",0.423,72863,0.117123917488986,0.679261079011295,0.502134142157199,0.24151102078004,10463
"71",96,10464,"8600000US10464","ZCTA5 10464",4517,1259,2984,45,0,206,0,23,0,44.8,295,201,293,144,279,621,441,764,162,312,693,190,122,1936,49,42,136,185,130,286,314,393,260,141,87853,100244,36005,"Bronx","Bronx","BROOKLYN",0.498,4517,0.00996236440115121,0.339384547265884,0.278724817356653,0.117252066115702,10464
"72",97,10465,"8600000US10465","ZCTA5 10465",44269,18595,19834,3903,43,1503,7,136,248,41.7,2534,2438,2121,2817,3364,5047,5737,6130,3175,3093,3992,2329,1492,15685,1145,853,1450,852,1401,2248,2055,3204,1212,1265,74079,89748,36005,"Bronx","Bronx","BROOKLYN",0.485,44269,0.0881655334432673,0.551966387313922,0.420045630124918,0.219827861013707,10465
"73",98,10466,"8600000US10466","ZCTA5 10466",73569,16681,2109,50722,129,2172,57,766,933,36.3,4796,4338,4588,5346,6163,10156,9271,10739,4803,4378,5123,2856,1012,23312,2525,1705,2139,2138,3170,3899,2564,2958,1364,850,49906,66344,36005,"Bronx","Bronx","BROOKLYN",0.367,73569,0.689448001196156,0.971333034294336,0.22673952344058,0.273206932052162,10466
"74",99,10467,"8600000US10467","ZCTA5 10467",102718,53713,9398,31693,131,6056,0,636,1091,33.9,8364,6993,6831,6129,7594,17119,13666,12887,5450,5856,6616,3564,1649,36335,4787,3790,5265,4190,4911,6400,3040,2706,933,313,35381,48581,36005,"Bronx","Bronx","BROOKLYN",0.195,102718,0.308543780058023,0.908506785568255,0.522917112872135,0.380955002064126,10467
"75",100,10468,"8600000US10468","ZCTA5 10468",77657,57663,2582,13133,391,2684,0,466,738,32,7333,5332,4896,4755,6686,14015,9370,10263,4491,3171,4434,2088,823,25557,3556,2425,3891,2786,3810,4040,2764,1597,385,303,35398,47257,36005,"Bronx","Bronx","BROOKLYN",0.182,77657,0.169115469307339,0.96675122654751,0.742534478540247,0.386273819305865,10468
"76",101,10469,"8600000US10469","ZCTA5 10469",73008,20217,8109,38340,393,4431,105,500,913,39.3,3776,3935,4594,5204,5672,9745,9003,10459,4676,4103,6073,3843,1925,22038,1626,1101,2059,2139,2488,3759,2919,3737,1253,957,61090,74763,36005,"Bronx","Bronx","BROOKLYN",0.393,73008,0.525147928994083,0.888929980276134,0.276914858645628,0.21717034213631,10469
"77",102,10470,"8600000US10470","ZCTA5 10470",14592,2908,5904,4969,0,555,0,48,208,41.3,641,687,795,695,902,2226,2018,2186,971,836,1169,974,492,5925,306,581,612,368,725,1112,908,798,280,235,56658,71731,36005,"Bronx","Bronx","BROOKLYN",0.361,14592,0.340529057017544,0.595394736842105,0.199287280701754,0.252995780590717,10470
"78",103,10471,"8600000US10471","ZCTA5 10471",22040,4848,13174,1967,0,1501,0,170,380,42.9,1360,924,911,1608,1535,2721,2375,2411,1326,1705,2181,1702,1281,8726,573,307,474,567,838,1233,1367,1664,749,954,80932,107457,36005,"Bronx","Bronx","BROOKLYN",0.52,22040,0.0892468239564428,0.402268602540835,0.219963702359347,0.155168462067385,10471
"79",104,10472,"8600000US10472","ZCTA5 10472",68924,43710,1756,17132,228,3991,0,868,1239,32.4,5421,5526,4604,5095,5957,10646,8791,8672,3167,3240,4418,2432,955,21813,3538,2507,3247,2918,2938,2961,1517,1513,501,173,30593,43326,36005,"Bronx","Bronx","BROOKLYN",0.174,68924,0.248563635308456,0.974522662642911,0.6341767744182,0.425984504653188,10472
"80",105,10473,"8600000US10473","ZCTA5 10473",62531,38195,1468,20822,183,1052,0,312,499,35.5,4012,3822,4635,4221,5630,8515,7254,8653,3745,3576,4741,2795,932,20890,2591,2164,2754,2192,2456,3480,1824,2143,785,501,38924,56150,36005,"Bronx","Bronx","BROOKLYN",0.293,62531,0.33298683852809,0.976523644272441,0.610817034750764,0.359454284346577,10473
"81",106,10474,"8600000US10474","ZCTA5 10474",12608,8609,97,3852,12,0,0,30,8,29.9,1005,1088,977,1053,1130,2389,1492,1696,356,527,596,200,99,3514,705,450,559,423,566,395,228,121,26,41,25896,39015,36005,"Bronx","Bronx","BROOKLYN",0.103,12608,0.305520304568528,0.992306472081218,0.682820431472081,0.487763232783153,10474
"82",107,10475,"8600000US10475","ZCTA5 10475",44241,14128,3104,24815,10,648,0,896,640,45.6,1750,2880,1876,1979,3495,4233,5792,5847,2772,3446,5559,3215,1397,18792,1160,1263,1584,2278,3345,3916,2266,1887,799,294,48734,61030,36005,"Bronx","Bronx","BROOKLYN",0.267,44241,0.560905042833571,0.929838837277638,0.31934178703013,0.213229033631332,10475
"83",108,11001,"8600000US11001","ZCTA5 11001",28010,3315,17454,1453,6,5210,0,70,502,42,1453,1748,1671,1604,1731,3407,3267,4228,2248,2087,2464,1172,930,9109,212,116,451,437,678,1152,1220,1903,1446,1494,104890,125651,36081,"Floral Park","Queens","QUEENS",0.601,28010,0.0518743305962156,0.376865405212424,0.11835058907533,0.0855198155670216,11001
"84",109,11003,"8600000US11003","ZCTA5 11003",45439,9106,6936,20796,46,6282,13,741,1519,38.2,1945,2544,2598,3200,3767,6536,5585,6926,3769,2553,3667,1506,843,12106,222,306,546,649,1304,1605,1637,3137,1464,1236,94746,108335,36081,"Elmont","Queens","QUEENS",0.532,45439,0.457668522634741,0.847355795682123,0.200400536983648,0.0887163390054518,11003
"85",110,11004,"8600000US11004","ZCTA5 11004",15151,2154,5252,1113,100,5832,42,56,602,44.5,971,758,427,584,1080,2388,1468,1934,1293,1343,1306,910,689,5026,122,99,212,334,398,796,798,1129,733,405,93315,107832,36081,"Glen Oaks","Queens","QUEENS",0.516,15151,0.0734604976569203,0.65335621411128,0.142168833740347,0.0861520095503382,11004
"86",111,11005,"8600000US11005","ZCTA5 11005",1762,18,1722,0,0,0,0,0,22,83.1,0,0,0,0,0,0,0,111,24,53,252,555,767,1306,34,186,106,106,172,317,127,115,68,75,51801,75327,36081,"Floral Park","Queens","QUEENS",0.368,1762,0,0.0227014755959137,0.0102156640181612,0.249617151607963,11005
"87",112,11040,"8600000US11040","ZCTA5 11040",42140,5008,18649,574,51,16364,80,525,889,43,2276,2527,2459,2543,2525,4626,5080,6597,2918,2896,4042,2265,1386,12862,244,115,614,551,934,1433,1274,2962,2060,2675,118457,144076,36081,"New Hyde Park","Queens","QUEENS",0.637,42140,0.0136212624584718,0.557451352634077,0.118841955386806,0.0756491991914166,11040
"88",113,11101,"8600000US11101","ZCTA5 11101",28852,7936,9631,4243,55,5896,40,316,735,34.8,1836,1286,1128,1229,1973,7136,5082,3703,1314,1490,1604,767,304,12474,1031,1065,1250,1009,1217,1683,996,1727,1015,1481,57866,95879,36081,"Long Island City","Queens","QUEENS",0.526,28852,0.147060862331901,0.666192984888396,0.275058921391931,0.268237934904602,11101
"89",114,11102,"8600000US11102","ZCTA5 11102",33727,10211,14111,3271,25,5482,25,138,464,33.3,1776,1180,1320,1460,2450,9842,4806,4015,1650,1504,2299,861,564,13627,940,459,1505,1196,1661,2323,1549,2235,874,885,60436,82508,36081,"Astoria","Queens","QUEENS",0.432,33727,0.0969846117354049,0.581611172057995,0.302754469712693,0.213106333015337,11102
"90",115,11103,"8600000US11103","ZCTA5 11103",38036,8954,21627,690,15,5752,46,64,888,33.8,1844,1071,1282,1206,2762,11967,5821,4111,2048,1554,2290,1575,505,16113,939,542,1504,1251,1974,2782,2414,2656,1284,767,65229,81512,36081,"Astoria","Queens","QUEENS",0.417,38036,0.0181407088021874,0.431407088021874,0.235408560311284,0.185254142617762,11103
"91",116,11104,"8600000US11104","ZCTA5 11104",25725,7917,11648,270,0,5368,0,66,456,38.6,1261,1075,918,871,1163,5613,5177,3395,1273,1691,1837,1195,256,11412,524,611,997,965,1527,2169,1622,1660,654,683,63122,80386,36081,"Sunnyside","Queens","QUEENS",0.408,25725,0.0104956268221574,0.547210884353742,0.307755102040816,0.186820890290922,11104
"92",117,11105,"8600000US11105","ZCTA5 11105",37288,7963,22640,799,99,5020,0,61,706,35.1,1924,1437,1186,1190,2478,10326,5601,4766,2105,1634,2215,1651,775,15227,900,424,1126,1336,1666,2771,1814,3096,1066,1028,68050,88855,36081,"Astoria","Queens","QUEENS",0.451,37288,0.0214278051920189,0.392834155760566,0.21355395837803,0.160898404150522,11105
"93",118,11106,"8600000US11106","ZCTA5 11106",40111,11753,15872,2334,38,8434,0,571,1109,35.6,1841,1840,1445,1257,2246,10732,7339,4529,1853,1812,2946,1423,848,17127,1217,956,1660,1462,2160,2706,2224,2791,1017,934,60725,78578,36081,"Astoria","Queens","QUEENS",0.413,40111,0.0581885268380245,0.604298072847847,0.293011891999701,0.223798680446079,11106
"94",119,11109,"8600000US11109","ZCTA5 11109",5298,351,3142,212,0,1328,0,29,236,31.5,473,129,15,43,169,2542,1236,436,95,104,28,28,0,2891,165,14,20,44,69,242,337,676,391,933,137452,167536,36081,"Long Island City","Queens","QUEENS",0.708,5298,0.0400151000377501,0.406946017365043,0.0662514156285391,0.0688343133863715,11109
"95",120,11201,"8600000US11201","ZCTA5 11201",61907,7627,36220,7774,21,7204,59,167,2835,35,4758,2615,1833,2419,3627,15644,11173,7282,2737,2770,3773,2036,1240,26923,1468,841,1470,1185,1709,2257,2632,4645,3502,7214,116446,176189,36047,"Brooklyn","Brooklyn","BRONX",0.677,61907,0.12557545996414,0.414928844880224,0.1232009304279,0.140363258180738,11201
"96",121,11203,"8600000US11203","ZCTA5 11203",75989,4699,2818,65818,75,1309,0,150,1120,39.5,4363,4593,4389,4683,5244,10486,9625,9799,5227,4418,7155,4401,1606,27464,2468,1620,3151,2956,3970,4736,3226,3553,968,816,48140,63181,36047,"Brooklyn","Brooklyn","BRONX",0.318,75989,0.866151679848399,0.962915685164958,0.0618378975904407,0.263581415671424,11203
"97",122,11204,"8600000US11204","ZCTA5 11204",80056,8330,44299,818,124,25131,0,227,1127,34.4,7226,6340,5835,4760,4293,12175,10447,8567,4717,4654,5879,3124,2039,24243,1764,1900,3132,2505,3293,3862,2658,2719,1262,1148,47341,69520,36047,"Brooklyn","Brooklyn","BRONX",0.367,80056,0.0102178475067453,0.446649845108424,0.10405216348556,0.280328342201873,11204
"98",123,11205,"8600000US11205","ZCTA5 11205",45148,8333,18317,13805,37,3461,7,134,1054,30,4061,3700,2921,3120,4312,8903,6798,4442,1758,1752,2097,968,316,15843,1887,1027,1710,1514,1555,2268,1673,2042,962,1205,51574,78983,36047,"Brooklyn","Brooklyn","BRONX",0.452,45148,0.305772127226012,0.594289891025073,0.184570745104988,0.291863914662627,11205
"99",124,11206,"8600000US11206","ZCTA5 11206",87767,33857,28701,17777,179,5932,47,195,1079,29.2,7488,7182,6091,5599,7947,19116,10145,7891,4107,3324,5235,2832,810,30516,4735,3558,4294,2898,3504,3925,2498,2649,1298,1157,34122,57980,36047,"Brooklyn","Brooklyn","BRONX",0.337,87767,0.202547654585436,0.672986429979377,0.385760023699112,0.412472145759602,11206
"100",125,11207,"8600000US11207","ZCTA5 11207",92580,29972,3336,55677,165,1495,82,894,959,34,6539,6168,6580,5984,7364,14934,11615,12579,5951,4895,5821,3000,1150,32625,6605,2456,3833,3123,3828,5164,3080,2908,1095,533,35809,52124,36047,"Brooklyn","Brooklyn","BRONX",0.274,92580,0.601393389500972,0.963966299416721,0.323741628861525,0.395218390804598,11207
"101",126,11208,"8600000US11208","ZCTA5 11208",99145,39971,2661,48430,51,6013,0,902,1117,32,8567,7909,6415,6911,8067,15944,13056,13090,5772,4892,5504,2195,823,31393,5126,2001,3708,3182,4402,5113,3190,2863,1058,750,39588,55108,36047,"Brooklyn","Brooklyn","BRONX",0.29,99145,0.48847647385143,0.973160522467094,0.403156992284028,0.345140636447616,11208
"102",127,11209,"8600000US11209","ZCTA5 11209",67950,11053,44924,1425,60,9000,35,144,1309,40.5,4259,3535,3028,2700,3317,11886,9314,9790,4131,4655,6198,3418,1719,29220,1985,1294,2265,2470,2822,4948,3253,4978,2253,2952,69578,95195,36047,"Brooklyn","Brooklyn","BRONX",0.499,67950,0.0209713024282561,0.338866813833701,0.162663723325975,0.189733059548255,11209
"103",128,11210,"8600000US11210","ZCTA5 11210",68988,5388,19423,39568,37,2987,0,487,1098,35.1,5032,5291,5007,5264,4612,9223,9278,8348,4301,3685,5411,2583,953,22310,1333,957,1773,2006,3066,4238,2911,3298,1244,1484,62202,84919,36047,"Brooklyn","Brooklyn","BRONX",0.42,68988,0.573549023018496,0.718458282599872,0.0781005392242129,0.182115643209323,11210
"104",129,11211,"8600000US11211","ZCTA5 11211",101560,24750,64524,4154,158,5823,19,402,1730,30.6,10253,6433,5092,4920,6402,29068,15100,7866,3697,3878,4802,2500,1549,38660,3238,2988,3527,3022,3655,4570,4020,5602,3080,4958,66113,100706,36047,"Brooklyn","Brooklyn","BRONX",0.539,101560,0.0409019298936589,0.364671130366286,0.24369830641985,0.252276254526643,11211
"105",130,11212,"8600000US11212","ZCTA5 11212",82831,14713,1116,64796,135,975,8,409,679,35.1,5991,4548,5885,5881,5629,13422,11161,11645,4808,3881,6006,2828,1146,31484,7840,3307,4327,3166,3822,4193,2143,1873,436,377,25677,42285,36047,"Brooklyn","Brooklyn","BRONX",0.182,82831,0.782267508541488,0.98652678345064,0.177626733952264,0.491487739804345,11212
"106",131,11213,"8600000US11213","ZCTA5 11213",66503,7583,13513,42082,101,1574,0,337,1313,34,4700,3826,4184,4341,5720,11560,8451,8480,4495,3254,4053,2325,1114,24731,3603,1876,3159,2423,3380,4073,2253,2478,951,535,40604,56798,36047,"Brooklyn","Brooklyn","BRONX",0.291,66503,0.632783483451874,0.796806159120641,0.114024931206111,0.349278233795641,11213
"107",132,11214,"8600000US11214","ZCTA5 11214",94283,13388,43140,1131,98,34907,12,298,1309,39.5,5842,5360,4879,4508,5426,14821,13365,13073,6142,5611,7963,4581,2712,31945,2276,1933,3469,3386,4113,5029,3830,4294,2062,1553,53151,73599,36047,"Brooklyn","Brooklyn","BRONX",0.393,94283,0.0119957998790874,0.542441373312262,0.141998027215935,0.240350602598216,11214
"108",133,11215,"8600000US11215","ZCTA5 11215",71015,12166,47287,2480,83,5409,0,495,3095,35.5,5704,4239,3083,2185,3309,16042,14245,8726,3385,3141,4428,1922,606,28880,1224,804,955,951,1725,3197,3328,5595,3993,7108,116893,162894,36047,"Brooklyn","Brooklyn","BRONX",0.66,71015,0.0349221995353094,0.334126592973315,0.171315919172006,0.103289473684211,11215
"109",134,11216,"8600000US11216","ZCTA5 11216",57410,6219,13402,33230,100,2763,0,284,1412,34.2,2897,2612,2132,2214,4842,15078,8213,7011,3302,2867,3123,2216,903,23800,2343,1541,2513,1718,2565,4252,2639,3086,1585,1558,56025,79825,36047,"Brooklyn","Brooklyn","BRONX",0.433,57410,0.578819021076468,0.766556349068107,0.108326075596586,0.268781512605042,11216
"110",135,11217,"8600000US11217","ZCTA5 11217",39687,7251,20519,7401,1,2965,23,229,1298,35.1,2843,1534,1558,1232,1925,10630,7364,4671,1844,1902,2650,1105,429,16856,881,587,964,880,1257,1978,1933,2811,1806,3759,99085,147595,36047,"Brooklyn","Brooklyn","BRONX",0.635,39687,0.186484239171517,0.482979313125205,0.182704663995767,0.144280968201234,11217
"111",136,11218,"8600000US11218","ZCTA5 11218",76960,14247,38915,6059,55,15033,0,293,2358,33.4,7543,5679,5586,4280,4581,12956,11607,8546,3962,3653,5111,2379,1077,24967,1492,1347,2536,2164,2769,3764,3365,3881,1793,1856,64152,87341,36047,"Brooklyn","Brooklyn","BRONX",0.453,76960,0.07872920997921,0.494347713097713,0.185122141372141,0.215284175111147,11218
"112",137,11219,"8600000US11219","ZCTA5 11219",93979,11753,57660,886,138,22982,0,73,487,27.8,11863,8802,8074,6497,7130,14228,10140,8388,4131,3891,5803,2624,2408,25240,2176,2432,4056,3267,3648,3603,2146,2294,945,673,37665,56434,36047,"Brooklyn","Brooklyn","BRONX",0.277,93979,0.00942763808936039,0.386458676938465,0.125059853797125,0.343264659270998,11219
"113",138,11220,"8600000US11220","ZCTA5 11220",100412,42017,13911,1521,145,41705,0,291,822,33.7,7825,7101,6195,5145,6563,19118,15577,12992,5275,4446,5614,3445,1116,28766,2087,2088,4545,3263,4098,4678,3118,2873,1018,998,42559,61554,36047,"Brooklyn","Brooklyn","BRONX",0.307,100412,0.0151475919212843,0.861460781579891,0.418446002469824,0.303135646249044,11220
"114",139,11221,"8600000US11221","ZCTA5 11221",84536,30934,11821,36985,187,3098,0,305,1206,31.5,5685,4830,4561,5338,8439,17684,11720,10004,4353,3396,5068,2487,971,29818,3900,2188,2954,2928,3659,4613,3181,3994,1233,1168,47170,66368,36047,"Brooklyn","Brooklyn","BRONX",0.361,84536,0.437505914639917,0.860166083088862,0.365926942367749,0.303239653900329,11221
"115",140,11222,"8600000US11222","ZCTA5 11222",36845,5124,26941,1323,51,2174,9,247,976,35,1484,1002,858,1019,2030,12022,6853,3920,1945,1720,2216,1182,594,17508,1355,645,1492,1037,1386,2638,2384,3323,1435,1813,78287,95585,36047,"Brooklyn","Brooklyn","BRONX",0.515,36845,0.0359071787216719,0.268801737006378,0.139069073144253,0.199451679232351,11222
"116",141,11223,"8600000US11223","ZCTA5 11223",80855,11958,44117,3078,174,19470,132,293,1633,36.2,7190,5193,4384,4853,5062,12539,9883,9307,5125,4686,6489,4128,2016,27527,2666,2293,3616,2664,3214,3990,2949,3363,1367,1405,46310,71341,36047,"Brooklyn","Brooklyn","BRONX",0.385,80855,0.0380681466823326,0.454368932038835,0.147894378826294,0.311512333345443,11223
"117",142,11224,"8600000US11224","ZCTA5 11224",45244,8562,23308,9887,101,2654,9,241,482,45.8,2627,2632,2253,2341,2490,5008,4847,5293,2847,3129,5443,4288,2046,18551,2406,3173,2628,1680,2132,2535,1546,1436,481,534,31630,53095,36047,"Brooklyn","Brooklyn","BRONX",0.271,45244,0.218526213420564,0.484837768543895,0.189240562284502,0.442402026844914,11224
"118",143,11225,"8600000US11225","ZCTA5 11225",59497,5196,13661,37407,46,1551,65,498,1073,34.7,3298,2897,3525,2795,4445,13017,7962,7009,3292,3644,4605,2151,857,23462,1866,1327,2399,2191,3414,4299,3043,2938,881,1104,51926,74178,36047,"Brooklyn","Brooklyn","BRONX",0.36,59497,0.628720775837437,0.770391784459721,0.0873321343933308,0.238342852271759,11225
"119",144,11226,"8600000US11226","ZCTA5 11226",102585,18225,11327,66980,39,3423,0,393,2198,34.1,7257,6355,6303,6325,7305,19419,14348,12106,5555,6045,6877,3477,1213,36677,3675,2206,3593,4312,4980,6717,4400,4045,1448,1301,48495,66439,36047,"Brooklyn","Brooklyn","BRONX",0.33,102585,0.652921967149193,0.889584247209631,0.177657552273724,0.25830902200289,11226
"120",145,11228,"8600000US11228","ZCTA5 11228",44676,5461,23581,298,74,14759,34,61,408,40.4,3051,2346,2265,2624,2357,6434,6131,5714,3161,3089,3710,2438,1356,15033,794,693,1433,1289,1644,2616,1698,2529,1162,1175,63697,89178,36047,"Brooklyn","Brooklyn","BRONX",0.462,44676,0.00667024800787895,0.472177455457069,0.122235652251768,0.194239340118406,11228
"121",146,11229,"8600000US11229","ZCTA5 11229",85776,9666,51339,4214,9,18975,76,133,1364,40.5,5522,5097,5050,4248,5551,11331,10322,11525,6166,6087,8131,4454,2292,31058,2493,2086,3041,2724,3493,4750,3386,4985,1938,2162,59287,79904,36047,"Brooklyn","Brooklyn","BRONX",0.443,85776,0.0491279612012684,0.401475937325126,0.112688864017907,0.245347414514779,11229
"122",147,11230,"8600000US11230","ZCTA5 11230",90257,9245,59782,6435,308,12708,0,419,1360,33.5,8313,6746,6397,5710,6591,13063,10239,9762,5072,4851,7070,4008,2435,30831,3007,3253,3550,3015,3526,4723,2876,3357,1449,2075,46013,73991,36047,"Brooklyn","Brooklyn","BRONX",0.409,90257,0.0712964091427812,0.337646941511462,0.102429728442115,0.31818624112095,11230
"123",148,11231,"8600000US11231","ZCTA5 11231",37680,7747,22187,4380,0,1868,0,272,1226,36.2,3169,2373,1956,1517,1401,7454,6989,5013,2136,1795,2211,1244,422,15562,1731,694,969,827,944,1607,1333,2129,1909,3419,93575,145130,36047,"Brooklyn","Brooklyn","BRONX",0.653,37680,0.116242038216561,0.411173036093418,0.205599787685775,0.21809536049351,11231
"124",149,11232,"8600000US11232","ZCTA5 11232",28992,15371,5809,1478,143,5540,19,95,537,33.5,1870,2137,1363,1459,2057,6564,4749,4175,1166,1256,1358,639,199,8808,743,517,738,937,1172,1443,1297,1117,414,430,53908,72353,36047,"Brooklyn","Brooklyn","BRONX",0.378,28992,0.0509795805739514,0.799634381898455,0.530180739514349,0.226839237057221,11232
"125",150,11233,"8600000US11233","ZCTA5 11233",74982,12091,4838,55447,48,1294,0,80,1184,33.2,5765,4940,4632,4877,6427,12717,9811,10107,3920,3574,4793,2560,859,28424,4971,2477,3350,3108,3552,3786,2515,2712,1034,919,36009,55867,36047,"Brooklyn","Brooklyn","BRONX",0.322,74982,0.739470806326852,0.935477848016857,0.16125203382145,0.379890233605404,11233
"126",151,11234,"8600000US11234","ZCTA5 11234",97741,9913,37070,43346,78,5867,9,376,1082,40.4,5534,6072,6490,5999,5832,12534,11939,13570,7251,6847,8950,4518,2205,31926,1413,1135,2083,2230,3166,4743,4877,6424,3154,2701,79490,99504,36047,"Brooklyn","Brooklyn","BRONX",0.495,97741,0.443478171903295,0.620732343642893,0.101421102710224,0.145054187809309,11234
"127",152,11235,"8600000US11235","ZCTA5 11235",80222,7020,58171,1818,262,11378,0,184,1389,44.3,4635,4067,3918,3441,3737,10587,10436,10401,5474,5251,8542,6469,3264,32828,3076,3580,3399,3056,3354,5337,2938,3952,2238,1898,49653,74060,36047,"Brooklyn","Brooklyn","BRONX",0.416,80222,0.0226621126374311,0.274874722644661,0.0875071676098826,0.306293408066285,11235
"128",153,11236,"8600000US11236","ZCTA5 11236",100633,6638,4450,85098,371,2733,0,413,930,37.9,6094,5414,6468,6636,7941,14309,12550,14314,7369,6594,7953,3437,1554,32903,2201,1568,2772,2703,4058,5504,4864,5534,2266,1433,63700,78215,36047,"Brooklyn","Brooklyn","BRONX",0.404,100633,0.845627179950911,0.955779913149762,0.0659624576431191,0.198796462328663,11236
"129",154,11237,"8600000US11237","ZCTA5 11237",52319,33492,9789,3840,107,4107,13,217,754,30.3,2972,2826,3475,3041,6095,13506,7720,5553,2245,1584,2024,928,350,16789,1705,1104,2021,1330,2099,2776,1858,2346,982,568,51269,67865,36047,"Brooklyn","Brooklyn","BRONX",0.367,52319,0.0733958982396452,0.812897800034404,0.640149849958906,0.287688367383406,11237
"130",155,11238,"8600000US11238","ZCTA5 11238",55398,6191,22057,21170,33,3276,11,342,2318,35.6,3424,2067,2037,1448,3227,14695,9496,6166,2959,2984,4238,1786,871,24510,1793,1296,1470,1508,2211,3292,3298,4266,2375,3001,79013,107890,36047,"Brooklyn","Brooklyn","BRONX",0.542,55398,0.382143759702516,0.601844831943391,0.111754937001336,0.186005711954304,11238
"131",156,11239,"8600000US11239","ZCTA5 11239",12713,2214,2585,7372,110,358,0,0,74,47.7,488,728,691,532,909,1146,1370,1634,775,899,1764,1216,561,6569,765,1455,1010,601,1090,1058,309,224,0,57,26002,36537,36047,"Brooklyn","Brooklyn","BRONX",0.04,12713,0.579878864154802,0.796664831275073,0.174152442381814,0.491703455624905,11239
"132",158,11354,"8600000US11354","ZCTA5 11354",57566,9211,9458,1832,36,35815,6,377,831,44.2,2819,2469,2385,1978,3384,8895,7530,9423,4641,3475,5218,3320,2029,20299,2212,1128,2964,2178,2722,3123,2349,1940,852,831,44512,63624,36081,"Flushing","Queens","QUEENS",0.34,57566,0.0318243407566967,0.835701629434041,0.160007643400618,0.310557170303956,11354
"133",159,11355,"8600000US11355","ZCTA5 11355",82890,11631,6719,2431,302,60228,72,454,1053,42.3,4601,3874,3186,3443,5093,12491,11375,13769,5773,5450,6992,4684,2159,27523,3117,2257,3755,3533,3690,4132,2614,2622,1087,716,38370,55963,36081,"Flushing","Queens","QUEENS",0.292,82890,0.0293280250934974,0.918940764869104,0.140318494390156,0.331686226065472,11355
"134",160,11356,"8600000US11356","ZCTA5 11356",24069,9591,5941,515,0,7444,55,80,443,38,1697,1297,1425,1266,1531,3808,3130,3495,1611,1711,1602,1170,326,7541,410,223,810,768,903,1509,1060,1115,431,312,59712,76125,36081,"College Point","Queens","QUEENS",0.375,24069,0.0213968174830695,0.753167975404047,0.398479371806058,0.191353931839279,11356
"135",161,11357,"8600000US11357","ZCTA5 11357",41393,6004,24778,175,58,9330,15,123,910,44.8,2482,1963,2451,2160,2114,4579,5019,6091,2934,2864,4593,2838,1305,14735,371,536,1086,934,1554,2419,2218,2787,1621,1209,81053,100134,36081,"Whitestone","Queens","QUEENS",0.491,41393,0.00422776798009325,0.401396371367139,0.145048679728457,0.135256192738378,11357
"136",162,11358,"8600000US11358","ZCTA5 11358",36959,6109,13263,229,54,16551,0,202,551,43.5,1729,1547,1754,1743,2062,5544,4963,5505,2912,2401,3786,2215,798,12820,692,425,1303,813,1684,2176,1381,2203,1065,1078,65932,88217,36081,"Flushing","Queens","QUEENS",0.476,36959,0.00619605508807056,0.641142888065153,0.165291268703158,0.188767550702028,11358
"137",164,11360,"8600000US11360","ZCTA5 11360",19501,1749,11465,117,56,5754,0,59,301,48.4,1076,901,864,639,737,1892,2843,2547,1549,1421,2258,1672,1102,8382,438,364,644,375,797,1173,1187,1510,875,1019,84476,102457,36081,"Bayside","Queens","QUEENS",0.541,19501,0.00599969232347059,0.41208143172145,0.0896877083226501,0.172512526843236,11360
"138",165,11361,"8600000US11361","ZCTA5 11361",29072,4239,12294,901,0,11238,0,19,381,41.3,1408,1424,1504,1551,1717,4240,4304,3948,2122,1783,2765,1366,940,10378,342,308,678,759,980,1665,1521,2051,1076,998,82020,99655,36081,"Bayside","Queens","QUEENS",0.508,29072,0.0309920198128784,0.577118877270226,0.145810401761145,0.127962998650992,11361
"139",166,11362,"8600000US11362","ZCTA5 11362",18443,1641,8027,150,0,8089,0,67,469,48.9,1063,963,654,695,776,1872,2523,2290,1530,1474,2392,1115,1096,7163,337,160,404,704,597,1272,929,1391,772,597,80828,97327,36081,"Little Neck","Queens","QUEENS",0.494,18443,0.00813316705525131,0.564767120316651,0.0889768475844494,0.125785285494904,11362
"140",167,11363,"8600000US11363","ZCTA5 11363",7423,1223,3767,87,0,2245,0,17,84,45.3,411,415,500,310,330,767,957,1130,690,386,844,423,260,2620,83,19,151,176,237,399,284,601,266,404,97784,128817,36081,"Little Neck","Queens","QUEENS",0.572,7423,0.0117203287080695,0.492523238582783,0.164758184022632,0.0965648854961832,11363
"141",168,11364,"8600000US11364","ZCTA5 11364",35885,3517,12732,852,120,18024,0,54,586,44.7,2016,1645,1907,1964,1586,4343,4679,5615,2724,2799,3956,1714,937,13385,611,410,980,922,1577,2585,1469,2458,1268,1105,71030,94268,36081,"Oakland Gardens","Queens","QUEENS",0.481,35885,0.0237425107983837,0.645199944266407,0.0980075240351122,0.149495704146433,11364
"142",169,11365,"8600000US11365","ZCTA5 11365",45565,8540,12175,3053,123,20238,16,541,879,41.3,3350,2310,2306,2107,2809,6359,5806,7129,3391,3129,3457,2062,1350,15657,1040,643,1483,1637,1571,2711,1876,2524,1292,880,63455,82750,36081,"Fresh Meadows","Queens","QUEENS",0.433,45565,0.067003182267091,0.732799297706573,0.187424558323274,0.202209874177684,11365
"143",170,11366,"8600000US11366","ZCTA5 11366",14308,1148,5367,735,0,6672,0,0,386,40.5,794,721,765,803,1266,1954,1590,1943,946,1051,1428,682,365,4456,345,102,274,377,529,721,493,712,321,582,67115,94635,36081,"Fresh Meadows","Queens","QUEENS",0.53,14308,0.0513698630136986,0.62489516354487,0.0802348336594912,0.161804308797127,11366
"144",171,11367,"8600000US11367","ZCTA5 11367",43496,7622,20206,3095,100,11309,0,0,1164,35,3921,3112,2167,2538,3136,6844,5021,4228,2898,3151,3836,1815,829,14670,849,948,1472,1214,1835,2456,1852,2232,1114,698,58924,78082,36081,"Flushing","Queens","QUEENS",0.409,43496,0.0711559683649071,0.535451535773404,0.175234504322237,0.222835719154738,11367
"145",172,11368,"8600000US11368","ZCTA5 11368",114647,83893,5046,11313,203,13237,0,428,527,32,10441,8344,7641,6796,8656,21406,18387,13074,5173,4599,5915,2798,1417,28275,1859,1462,3161,3496,4842,5225,3663,3201,909,457,47862,61032,36081,"Corona","Queens","QUEENS",0.263,114647,0.0986768079408968,0.955986637243015,0.731750503720115,0.229248452696729,11368
"146",173,11369,"8600000US11369","ZCTA5 11369",37325,23917,2741,5373,23,4936,0,108,227,36.9,2571,1950,2271,2138,2990,5774,4890,5145,2454,1969,2777,1660,736,10720,885,313,1063,1164,1625,1899,1408,1493,619,251,53426,68949,36081,"East Elmhurst","Queens","QUEENS",0.337,37325,0.143951774949766,0.926563965170797,0.640776959142666,0.210914179104478,11369
"147",174,11370,"8600000US11370","ZCTA5 11370",33789,12944,8300,4489,22,7499,0,142,393,37.3,1567,1108,1597,2323,3067,6180,5273,5258,1885,1574,2080,1321,556,8365,522,434,612,838,964,1360,1229,1313,718,375,59901,84987,36081,"East Elmhurst","Queens","QUEENS",0.416,33789,0.132853887359792,0.75435792713605,0.3830832519459,0.18744769874477,11370
"148",176,11372,"8600000US11372","ZCTA5 11372",64298,38125,11047,990,29,12903,108,196,900,39.7,3544,3305,3212,2762,3543,10692,10579,9796,3740,3588,5960,2452,1125,24051,1044,1160,2614,2815,3523,5322,2906,2569,1018,1080,53963,69795,36081,"Jackson Heights","Queens","QUEENS",0.34,64298,0.0153970574512427,0.82819061246073,0.592942237705683,0.200324310839466,11372
"149",177,11373,"8600000US11373","ZCTA5 11373",96353,37278,6611,1826,154,48606,12,415,1451,38.6,5670,5209,4682,4353,5936,16639,15624,13002,6595,5785,7448,3970,1440,30216,2231,1604,3730,3288,4448,5803,3124,3609,1358,1021,49098,65321,36081,"Elmhurst","Queens","QUEENS",0.329,96353,0.0189511483814723,0.931387709775513,0.386889873693606,0.250364045538787,11373
"150",178,11374,"8600000US11374","ZCTA5 11374",43540,7535,19741,1527,61,13032,0,105,1539,44,2361,2039,1356,1359,1971,7557,5615,5448,3818,3039,4748,2921,1308,19276,1694,1100,2027,1461,2401,2773,2454,2897,1449,1020,56863,77779,36081,"Rego Park","Queens","QUEENS",0.424,43540,0.0350711988975655,0.546600826825907,0.173059255856683,0.250103755965968,11374
"151",179,11375,"8600000US11375","ZCTA5 11375",72937,10991,37039,1693,157,20580,68,87,2322,41.9,4993,4189,3199,2419,2417,10598,12122,9960,4897,4206,6964,4515,2458,32492,2011,1422,2556,2200,2472,5243,4360,5737,3213,3278,76467,101342,36081,"Forest Hills","Queens","QUEENS",0.515,72937,0.0232118129344503,0.492178181170051,0.150691692830799,0.1843222947187,11375
"152",180,11377,"8600000US11377","ZCTA5 11377",89688,34667,17508,1663,200,33767,0,170,1713,38.9,4464,4381,4403,3760,5248,15792,16201,13284,5554,4249,7265,3917,1170,31464,1625,1337,2894,3493,4735,6929,4259,3475,1671,1046,54989,69474,36081,"Woodside","Queens","QUEENS",0.333,89688,0.0185420569083935,0.804789938453305,0.386528855588262,0.186117467581998,11377
"153",181,11378,"8600000US11378","ZCTA5 11378",35844,11209,19684,360,69,3972,0,73,477,38.4,2301,2030,1985,2003,2176,5728,5088,5054,2491,2253,2537,1409,789,12623,816,505,993,1059,1263,2262,1858,2136,1024,707,68460,86987,36081,"Maspeth","Queens","QUEENS",0.436,35844,0.0100435219283562,0.450842539895101,0.31271621470818,0.183316168898043,11378
"154",182,11379,"8600000US11379","ZCTA5 11379",37524,7583,24979,452,0,3957,0,125,428,43.2,1789,2149,2054,1706,1760,4997,5184,5738,2923,2264,3567,2423,970,13528,634,398,959,1026,1277,2112,1905,2821,1417,979,79573,95587,36081,"Middle Village","Queens","QUEENS",0.484,37524,0.0120456241338876,0.334319368937214,0.202083999573606,0.147176227084565,11379
"155",183,11385,"8600000US11385","ZCTA5 11385",106598,47161,49295,1482,41,7543,0,283,793,35.4,6568,6610,6321,6213,7804,18790,16404,14687,6728,5681,5847,3598,1347,34993,2189,1419,2896,2813,4296,6301,5413,6120,2091,1455,64481,78239,36081,"Ridgewood","Queens","QUEENS",0.394,106598,0.0139026998630368,0.537561680331714,0.442419182348637,0.185865744577487,11385
"156",184,11411,"8600000US11411","ZCTA5 11411",19990,1142,247,18153,23,65,0,115,245,44.3,954,887,1148,967,1443,2309,2506,3006,1712,1130,2261,1247,420,6052,230,164,270,413,516,1051,862,1347,688,511,87231,101581,36081,"Cambria Heights","Queens","QUEENS",0.505,19990,0.908104052026013,0.987643821910955,0.0571285642821411,0.109715796430932,11411
"157",185,11412,"8600000US11412","ZCTA5 11412",38833,2517,279,33335,167,1228,22,208,1077,39.5,2534,2110,2345,2461,3101,4969,4358,5994,3225,2199,3147,1645,745,10957,415,487,747,879,1075,1862,1580,2226,1071,615,75307,89346,36081,"Saint Albans","Queens","QUEENS",0.454,38833,0.858419385574125,0.992815388973296,0.064816007004352,0.150497398923063,11412
"158",186,11413,"8600000US11413","ZCTA5 11413",42895,2399,610,38195,71,572,82,372,594,39.3,2298,2418,2670,3250,2852,5551,5393,6697,2647,2449,3687,2277,706,12133,393,309,648,869,1108,2002,1945,2610,1397,852,83459,97251,36081,"Springfield Gardens","Queens","QUEENS",0.486,42895,0.890430120060613,0.985779228348292,0.0559272642499126,0.111266793043765,11413
"159",187,11414,"8600000US11414","ZCTA5 11414",29203,6870,19825,745,0,1140,0,312,311,45.2,1823,1284,1658,1352,1301,2980,4103,3938,2159,2272,2902,2040,1391,10511,725,453,760,681,1304,1538,1473,1725,1051,801,72632,96563,36081,"Howard Beach","Queens","QUEENS",0.48,29203,0.0255110776290107,0.321131390610554,0.235249803102421,0.184378270383408,11414
"160",188,11415,"8600000US11415","ZCTA5 11415",19900,4770,9506,1028,50,3896,0,108,542,38.6,1260,1051,1145,895,917,3420,3044,2504,1212,1244,1862,839,507,8489,519,332,817,683,875,1685,1343,1058,600,577,65981,85176,36081,"Kew Gardens","Queens","QUEENS",0.432,19900,0.0516582914572864,0.522311557788945,0.239698492462312,0.196489574743786,11415
"161",189,11416,"8600000US11416","ZCTA5 11416",27567,12224,3630,1282,1,9163,26,425,816,35.3,1835,1591,1737,2098,2327,4043,3724,4151,1915,1458,1604,811,273,7216,375,161,786,634,1048,1142,1185,1102,536,247,61285,76532,36081,"Ozone Park","Queens","QUEENS",0.382,27567,0.0465048790220191,0.86832081836979,0.443428737258316,0.18320399113082,11416
"162",190,11417,"8600000US11417","ZCTA5 11417",32425,12155,6547,1851,0,9681,7,1115,1069,37.9,1978,1751,1970,2300,2660,4407,4313,5074,2380,1694,2484,929,485,9035,439,335,846,623,974,1563,1284,1696,713,562,69989,86034,36081,"Ozone Park","Queens","QUEENS",0.446,32425,0.0570855821125675,0.798087895142637,0.374865073245952,0.179302711676812,11417
"163",191,11418,"8600000US11418","ZCTA5 11418",39267,17654,6094,2711,239,10242,0,920,1407,34.3,2856,2588,2515,2547,3027,6478,5247,5670,2311,2294,2194,1062,478,10940,695,333,666,969,1267,2215,1561,1977,676,581,67003,82300,36081,"Richmond Hill","Queens","QUEENS",0.416,39267,0.0690401609493977,0.844806071255762,0.449588713168819,0.154844606946984,11418
"164",192,11419,"8600000US11419","ZCTA5 11419",52392,10729,2037,8701,418,15361,0,12470,2676,36.1,3234,2433,3051,3284,4595,8696,6816,8096,3654,3131,3379,1584,439,12724,568,504,1076,1083,1521,2624,1805,1890,933,720,65711,82122,36081,"South Richmond Hill","Queens","QUEENS",0.417,52392,0.166074973278363,0.961120018323408,0.204783173003512,0.168814838101226,11419
"165",193,11420,"8600000US11420","ZCTA5 11420",49396,11356,2963,11375,504,14302,54,5935,2907,38.1,2507,2813,3037,3322,4086,6949,6585,7603,4005,2724,3611,1530,624,13226,601,376,1142,1141,1888,2110,1887,2250,1098,733,66220,85258,36081,"South Ozone Park","Queens","QUEENS",0.43,49396,0.230281804194672,0.940015385861203,0.229897157664588,0.160214728564948,11420
"166",194,11421,"8600000US11421","ZCTA5 11421",43567,25257,7436,1279,75,8816,0,215,489,37.5,2634,2652,2549,2586,3615,6306,6303,6211,3339,2411,3195,1252,514,11972,558,401,927,992,1360,2249,1765,2230,837,653,69053,84642,36081,"Woodhaven","Queens","QUEENS",0.425,43567,0.0293570821952395,0.829320357151055,0.57972777560998,0.157534246575342,11421
"167",195,11422,"8600000US11422","ZCTA5 11422",33479,2960,1309,27804,42,689,0,161,514,37.4,1948,1925,1883,2033,2523,5232,4197,5202,2628,1907,2618,996,387,9686,333,208,548,658,804,1490,1728,2176,1086,655,86996,96500,36081,"Rosedale","Queens","QUEENS",0.485,33479,0.830490755398907,0.960900863227695,0.0884136324262971,0.112430311790213,11422
"168",196,11423,"8600000US11423","ZCTA5 11423",32407,4524,3245,11959,341,9580,0,1865,893,39.9,1823,1575,1799,1869,2355,4645,4338,4542,2600,2221,2780,1213,647,9817,458,385,961,650,1352,1722,1424,1537,755,573,66455,84986,36081,"Hollis","Queens","QUEENS",0.427,32407,0.369025210602648,0.899867312617644,0.139599469250471,0.183762860344301,11423
"169",199,11426,"8600000US11426","ZCTA5 11426",21166,4346,6403,908,12,8917,0,148,432,38.4,1518,1122,1207,1222,1421,3315,2387,2875,1711,1427,2029,502,430,6388,276,159,395,258,617,1072,965,1245,862,539,83376,99999,36081,"Bellerose","Queens","QUEENS",0.514,21166,0.0428989889445337,0.697486535008977,0.20532930171029,0.129931120851597,11426
"170",200,11427,"8600000US11427","ZCTA5 11427",23809,3999,4562,4954,90,7973,0,1014,1217,42.1,1521,1122,1075,1261,1519,3050,3191,3571,1690,2065,2030,1103,611,7487,472,274,397,555,799,1397,958,1408,687,540,72874,96719,36081,"Queens Village","Queens","QUEENS",0.471,23809,0.208072577596707,0.808391784619262,0.167961695157293,0.152664618672365,11427
"171",201,11428,"8600000US11428","ZCTA5 11428",19859,4925,2548,3661,3,5026,22,1605,2069,40,986,1097,1148,1264,1298,2925,2536,3133,1468,1241,1994,561,208,5611,214,143,506,542,593,957,854,1090,468,244,71663,82700,36081,"Queens Village","Queens","QUEENS",0.419,19859,0.184349665139232,0.87169545294325,0.247998388639911,0.153805025842096,11428
"172",202,11429,"8600000US11429","ZCTA5 11429",27667,3472,395,21020,193,723,52,1347,465,39.5,1399,1350,1537,1671,2186,4060,3622,4178,1988,1715,2342,1243,376,7387,266,333,522,468,751,1075,1239,1441,862,430,80464,91927,36081,"Queens Village","Queens","QUEENS",0.47,27667,0.759749882531536,0.985723063577547,0.125492463946218,0.151753079734669,11429
"173",204,11432,"8600000US11432","ZCTA5 11432",65098,16740,8198,9383,189,26455,22,1837,2274,35.1,4661,3684,3819,5379,5388,9489,8082,8118,4150,3610,4684,2888,1146,18390,1186,841,2072,1964,2618,3387,1971,2389,938,1024,52975,75650,36081,"Jamaica","Queens","QUEENS",0.387,65098,0.144136532612369,0.874066791606501,0.257150757319733,0.22289287656335,11432
"174",205,11433,"8600000US11433","ZCTA5 11433",36019,7005,199,23514,116,2593,9,1936,647,34.4,2218,2308,2520,2711,2966,5580,4560,4636,2042,2061,2652,1208,557,10423,940,690,1193,816,1761,1654,1208,1419,452,290,48795,66108,36081,"Jamaica","Queens","QUEENS",0.329,36019,0.652822121658014,0.994475138121547,0.19448069074655,0.270843327257028,11433
"175",206,11434,"8600000US11434","ZCTA5 11434",66725,5433,1061,56318,0,1390,0,1471,1052,37.5,4432,3746,4305,4137,4848,9868,8219,9346,4951,3178,5148,2963,1584,20993,1049,1000,1644,1767,2974,4270,2739,3647,1410,493,60702,73933,36081,"Jamaica","Queens","QUEENS",0.36,66725,0.844031472461596,0.984098913450731,0.0814237542150618,0.17591578145096,11434
"176",207,11435,"8600000US11435","ZCTA5 11435",59214,18130,7021,13300,0,13997,7,4699,2060,35.4,3962,3703,3076,2884,3748,11855,8017,7878,3668,3266,4135,2186,836,18795,1064,822,1985,1820,2152,3684,2628,2600,1289,751,59535,74494,36081,"Jamaica","Queens","QUEENS",0.381,59214,0.22460904515824,0.881430067213835,0.306177593136758,0.205959031657356,11435
"177",208,11436,"8600000US11436","ZCTA5 11436",20905,3279,281,12543,96,2138,0,1706,862,35.9,1157,1349,1462,1181,1693,3329,2890,3212,1293,1134,1341,530,334,5628,189,216,314,344,771,1136,896,1119,463,180,69259,84711,36081,"Jamaica","Queens","QUEENS",0.4,20905,0.6,0.986558239655585,0.156852427648888,0.127754086709311,11436
"178",211,11691,"8600000US11691","ZCTA5 11691",65356,18083,16065,28451,0,1846,62,272,577,31.9,7040,5959,4339,4022,4403,9231,7077,7475,3992,3411,4314,2928,1165,20155,2983,1670,2364,1763,2550,3289,2021,2077,900,538,42434,58683,36081,"Far Rockaway","Queens","QUEENS",0.321,65356,0.43532345920803,0.754192423036906,0.276684619621764,0.348151823368891,11691
"179",212,11692,"8600000US11692","ZCTA5 11692",20242,5312,1890,11196,30,1193,0,312,309,33.9,1463,1743,1616,1494,1256,2858,2437,2804,1337,1024,1312,643,255,6417,627,547,704,542,1075,991,742,730,266,193,45816,62707,36081,"Arverne","Queens","QUEENS",0.321,20242,0.553107400454501,0.906629779666041,0.262424661594704,0.292660121552127,11692
"180",213,11693,"8600000US11693","ZCTA5 11693",12709,3543,5882,2316,0,591,0,173,204,38.5,1080,941,654,645,897,1419,1730,2089,837,809,1165,404,39,4767,550,160,592,416,455,745,535,735,416,163,57443,71165,36081,"Far Rockaway","Queens","QUEENS",0.408,12709,0.182233063183571,0.537178377527736,0.278778818160359,0.273127753303965,11693
"181",214,11694,"8600000US11694","ZCTA5 11694",21003,2895,15846,1250,53,616,0,189,154,49,1237,784,1218,1116,761,2413,2014,3293,2066,1608,2418,1278,797,8319,540,316,529,584,723,1316,1281,1159,1011,860,77547,104387,36081,"Rockaway Park","Queens","QUEENS",0.523,21003,0.0595153073370471,0.245536351949721,0.137837451792601,0.166486356533237,11694
"182",215,11697,"8600000US11697","ZCTA5 11697",3702,180,3476,11,0,9,0,26,0,49.1,193,206,267,219,218,268,303,582,246,307,420,324,149,1398,32,28,83,68,159,232,98,285,175,238,99792,124884,36081,"Breezy Point","Queens","QUEENS",0.591,3702,0.00297136682874122,0.0610480821177742,0.0486223662884927,0.102288984263233,11697
